neighborhood,name
78701,Downtown
78702,East Austin
78703,Central Austin
78704,South Central
78705,Central Austin
78712,UT Austin
78717,Avery Ranch & Brushy Creek
78719,Elroy & Pilot's Knob
78721,Northeast Austin
78722,East Austin
78723,Northeast Austin
78724,Northeast Austin
78725,Northeast Austin
78726,Northeast Austin
78727,Northwest Austin
78728,Wells Branch
78729,Jollyville & Balcones Preserve
78730,Riverplace
78731,Northwest Austin
78732,Steiner Ranch & Waterfront
78733,Westlake Hills
78734,Lakeway
78735,Southwest Austin
78736,Southwest Austin
78737,Southwest Austin
78738,Southwest Austin
78739,Southwest Austin
78741,Southeast Austin
78742,Southeast Austin
78744,Southeast Austin
78745,South Austin
78746,Westlake Hills
78747,Southeast Austin
78748,South Austin
78749,Legend Oaks
78750,Northwest Austin
78751,Central Austin
78752,Central Austin
78753,North Austin
78754,North Austin
78756,Central Austin
78757,Central Austin
78758,North Austin
78759,Northwest Austin
