district,neighbourhood
French Quarter / CBD,French Quarter
French Quarter / CBD,Central Business District
Central City / Garden District,Central City
Central City / Garden District,East Riverside
Central City / Garden District,Garden District
Central City / Garden District,Irish Channel
Central City / Garden District,Lower Garden District
Central City / Garden District,Milan
Central City / Garden District,St. Thomas Dev
Central City / Garden District,Touro
Central City / Garden District,Faubourg Lafayette
Central City / Garden District,Faubourg Livaudais
Uptown / Carrollton,Audubon
Uptown / Carrollton,Black Pearl
Uptown / Carrollton,Broadmoor
Uptown / Carrollton,Dixon
Uptown / Carrollton,East Carrollton
Uptown / Carrollton,Freret
Uptown / Carrollton,Hollygrove
Uptown / Carrollton,Leonidas
Uptown / Carrollton,Marlyville - Fontainbleau
Uptown / Carrollton,Uptown
Uptown / Carrollton,West Riverside
Mid-City,Bayou St. John
Mid-City,B.W. Cooper
Mid-City,Fairgrounds
Mid-City,Faubourg St. John
Mid-City,Gert Town
Mid-City,Iberville Development (Note: This area was built on the site of the infamous Storyville neighborhood.)
Mid-City,Mid-City
Mid-City,Parkview
Mid-City,Seventh Ward
Mid-City,St. Bernard Area
Mid-City,Treme - Lafitte
Mid-City,Tulane - Gravier
Lakeview,City Park
Lakeview,Lakeshore - Lake Vista
Lakeview,Lakeview
Lakeview,Lakewood
Lakeview,Navarre
Lakeview,West End
Gentilly,Dillard
Gentilly,Fillmore
Gentilly,Gentilly Terrace
Gentilly,Gentilly Woods
Gentilly,Lake Terrace/Lake Oaks
Gentilly,Milneburg
Gentilly,Pontchartrain Park
Gentilly,St. Anthony
Bywater,Bywater
Bywater,Desire Area
Bywater,New Desire Projects: Abundance Square
Bywater,Marigny
Bywater,Florida Area
Bywater,Florida Projects
Bywater,St. Claude
Bywater,St. Roch
Lower Ninth Ward,Holy Cross
Lower Ninth Ward,Lower Ninth Ward
Eastern New Orleans,"Little Woods, also called Edge Lake"
Eastern New Orleans,Pines Village
Eastern New Orleans,Plum Orchard
Eastern New Orleans,Read Boulevard East
Eastern New Orleans,Read Boulevard West
Eastern New Orleans,West Lake Forest
Village de L'Est,Village de L'Est
Village de L'Est,Michoud
Venetian Isles / Lake Catherine,Viavant - Venetian Isles
Venetian Isles / Lake Catherine,Lake Catherine
Algiers ,Algiers Point
Algiers ,U.S. Naval Base
Algiers ,Aurora
Algiers ,Behrman
Algiers ,Fischer Housing Development
Algiers ,McDonogh
Algiers ,Tall Timbers - Brechtel
Algiers ,New Aurora - English Turn
